[
  {
    "latitude": 51.6047267,
    "longitude": -1.143229
  },
  {
    "latitude": 51.6047296,
    "longitude": -1.1432956
  },
  {
    "latitude": 51.6047158,
    "longitude": -1.1434092
  },
  {
    "latitude": 51.6047188,
    "longitude": -1.1434874
  },
  {
    "latitude": 51.6047147,
    "longitude": -1.143601
  },
  {
    "latitude": 51.6047154,
    "longitude": -1.1436909
  },
  {
    "latitude": 51.6047211,
    "longitude": -1.1438082
  },
  {
    "latitude": 51.6047192,
    "longitude": -1.1438826
  },
  {
    "latitude": 51.6046986,
    "longitude": -1.1441888
  },
  {
    "latitude": 51.6049255,
    "longitude": -1.1442433
  },
  {
    "latitude": 51.6050765,
    "longitude": -1.1442327
  },
  {
    "latitude": 51.6052554,
    "longitude": -1.1440493
  },
  {
    "latitude": 51.6053885,
    "longitude": -1.1439216
  },
  {
    "latitude": 51.605668,
    "longitude": -1.1439296
  },
  {
    "latitude": 51.6056905,
    "longitude": -1.1440035
  },
  {
    "latitude": 51.6057528,
    "longitude": -1.1441902
  },
  {
    "latitude": 51.6057752,
    "longitude": -1.1442601
  },
  {
    "latitude": 51.6058351,
    "longitude": -1.1444469
  },
  {
    "latitude": 51.6058575,
    "longitude": -1.1445207
  },
  {
    "latitude": 51.6059126,
    "longitude": -1.1447231
  },
  {
    "latitude": 51.6059526,
    "longitude": -1.1448633
  },
  {
    "latitude": 51.6059448,
    "longitude": -1.1452406
  },
  {
    "latitude": 51.6057009,
    "longitude": -1.1451942
  },
  {
    "latitude": 51.6055887,
    "longitude": -1.1451885
  },
  {
    "latitude": 51.605377,
    "longitude": -1.145216
  },
  {
    "latitude": 51.6052496,
    "longitude": -1.1451246
  },
  {
    "latitude": 51.605142,
    "longitude": -1.1450639
  },
  {
    "latitude": 51.605054,
    "longitude": -1.1450264
  },
  {
    "latitude": 51.6049341,
    "longitude": -1.1449465
  },
  {
    "latitude": 51.604708,
    "longitude": -1.1450016
  },
  {
    "latitude": 51.604709,
    "longitude": -1.1448061
  },
  {
    "latitude": 51.6046999,
    "longitude": -1.1445792
  },
  {
    "latitude": 51.6046964,
    "longitude": -1.1444268
  },
  {
    "latitude": 51.604912,
    "longitude": -1.1445949
  },
  {
    "latitude": 51.6051789,
    "longitude": -1.1444757
  },
  {
    "latitude": 51.6051988,
    "longitude": -1.1445378
  },
  {
    "latitude": 51.6052212,
    "longitude": -1.1445921
  },
  {
    "latitude": 51.6053492,
    "longitude": -1.1447737
  },
  {
    "latitude": 51.6053953,
    "longitude": -1.1447454
  },
  {
    "latitude": 51.605463,
    "longitude": -1.1446775
  }
]