[
  {
    "latitude": 51.6127115,
    "longitude": -1.1571009
  },
  {
    "latitude": 51.6122348,
    "longitude": -1.1571936
  },
  {
    "latitude": 51.6119095,
    "longitude": -1.1571742
  },
  {
    "latitude": 51.6120206,
    "longitude": -1.1576198
  },
  {
    "latitude": 51.6120733,
    "longitude": -1.1578319
  },
  {
    "latitude": 51.6120321,
    "longitude": -1.1579662
  },
  {
    "latitude": 51.6121391,
    "longitude": -1.158142
  },
  {
    "latitude": 51.6120724,
    "longitude": -1.1582473
  },
  {
    "latitude": 51.6123492,
    "longitude": -1.158307
  },
  {
    "latitude": 51.6121598,
    "longitude": -1.1587827
  },
  {
    "latitude": 51.6129927,
    "longitude": -1.1590172
  },
  {
    "latitude": 51.61409,
    "longitude": -1.1590691
  },
  {
    "latitude": 51.6141164,
    "longitude": -1.1592179
  },
  {
    "latitude": 51.6142815,
    "longitude": -1.1594411
  },
  {
    "latitude": 51.6143644,
    "longitude": -1.1597888
  },
  {
    "latitude": 51.6146283,
    "longitude": -1.1589003
  },
  {
    "latitude": 51.6146357,
    "longitude": -1.1584522
  },
  {
    "latitude": 51.6145935,
    "longitude": -1.1581385
  },
  {
    "latitude": 51.6142176,
    "longitude": -1.1580414
  },
  {
    "latitude": 51.6141653,
    "longitude": -1.1582734
  },
  {
    "latitude": 51.614158,
    "longitude": -1.1585191
  },
  {
    "latitude": 51.6141495,
    "longitude": -1.158577
  },
  {
    "latitude": 51.6141598,
    "longitude": -1.1587646
  },
  {
    "latitude": 51.6141532,
    "longitude": -1.1588405
  },
  {
    "latitude": 51.6142247,
    "longitude": -1.1577813
  },
  {
    "latitude": 51.6142412,
    "longitude": -1.1575787
  },
  {
    "latitude": 51.6145013,
    "longitude": -1.1575387
  },
  {
    "latitude": 51.6145525,
    "longitude": -1.1575224
  },
  {
    "latitude": 51.6146201,
    "longitude": -1.157347
  },
  {
    "latitude": 51.6146713,
    "longitude": -1.1573686
  },
  {
    "latitude": 51.6148765,
    "longitude": -1.1571481
  },
  {
    "latitude": 51.6151016,
    "longitude": -1.1571873
  },
  {
    "latitude": 51.6154254,
    "longitude": -1.1571958
  },
  {
    "latitude": 51.6155867,
    "longitude": -1.1571205
  },
  {
    "latitude": 51.6154119,
    "longitude": -1.1565749
  },
  {
    "latitude": 51.6153311,
    "longitude": -1.1565909
  },
  {
    "latitude": 51.6151787,
    "longitude": -1.1566515
  },
  {
    "latitude": 51.6150017,
    "longitude": -1.1567666
  },
  {
    "latitude": 51.6149637,
    "longitude": -1.156771
  },
  {
    "latitude": 51.6147755,
    "longitude": -1.1568467
  }
]